RRT*,1,2.5,10,0,532,31,40.613456387984435
RRT*,1,2.5,10,13,479,27,39.64701922977818
RRT*,1,2.5,10,26,448,28,39.804526483249
RRT*,1,2.5,10,39,537,17,39.58463105402937
RRT*,1,2.5,10,52,553,25,40.92717021696378
RRT*,1,2.5,10,65,547,33,45.07392879916909
RRT*,1,2.5,10,78,514,27,40.57293293260165
RRT*,1,2.5,10,91,367,-1,-1
RRT*,1,2.5,10,104,482,27,41.83991325769165
RRT*,1,2.5,10,117,522,23,41.29527620583859
RRT*,1,2.5,20,0,255,-1,-1
RRT*,1,2.5,20,13,346,14,36.87132290907378
RRT*,1,2.5,20,26,211,-1,-1
RRT*,1,2.5,20,39,316,18,37.63496479008457
RRT*,1,2.5,20,52,319,12,39.206054667249255
RRT*,1,2.5,20,65,212,13,39.56047271738267
RRT*,1,2.5,20,78,324,15,37.94213741188756
RRT*,1,2.5,20,91,350,14,37.864521816142194
RRT*,1,2.5,20,104,282,19,37.99501503558456
RRT*,1,2.5,20,117,318,18,40.11006818872406
RRT*,1,2.5,30,0,200,-1,-1
RRT*,1,2.5,30,13,258,11,36.63118694351829
RRT*,1,2.5,30,26,162,-1,-1
RRT*,1,2.5,30,39,238,13,37.931870529142145
RRT*,1,2.5,30,52,242,12,39.22148991458702
RRT*,1,2.5,30,65,232,12,39.07638268408745
RRT*,1,2.5,30,78,243,13,38.036251046742414
RRT*,1,2.5,30,91,256,12,37.855794169518354
RRT*,1,2.5,30,104,202,-1,-1
RRT*,1,2.5,30,117,194,-1,-1
RRT*,1,2.5,40,0,172,-1,-1
RRT*,1,2.5,40,13,216,10,36.72567232634291
RRT*,1,2.5,40,26,132,-1,-1
RRT*,1,2.5,40,39,200,12,37.92498667551966
RRT*,1,2.5,40,52,192,9,39.292126866130836
RRT*,1,2.5,40,65,187,11,39.072547694956235
RRT*,1,2.5,40,78,198,10,38.0455944012341
RRT*,1,2.5,40,91,209,9,38.05121861963641
RRT*,1,2.5,40,104,175,-1,-1
RRT*,1,2.5,40,117,167,-1,-1
RRT*,1,2.5,50,0,151,-1,-1
RRT*,1,2.5,50,13,190,10,36.84700925353184
RRT*,1,2.5,50,26,123,-1,-1
RRT*,1,2.5,50,39,180,10,38.326271767583115
RRT*,1,2.5,50,52,171,9,39.3083841145874
RRT*,1,2.5,50,65,173,9,39.25484155244337
RRT*,1,2.5,50,78,175,10,38.0455944012341
RRT*,1,2.5,50,91,182,9,38.05121861963641
RRT*,1,2.5,50,104,159,-1,-1
RRT*,1,2.5,50,117,152,-1,-1
RRT*,1,5,10,0,840,36,39.53997974826528
RRT*,1,5,10,13,807,29,39.54945182709684
RRT*,1,5,10,26,812,33,39.41499900483038
RRT*,1,5,10,39,868,17,39.58463105402937
RRT*,1,5,10,52,882,28,40.42521384272111
RRT*,1,5,10,65,864,33,38.64830237868351
RRT*,1,5,10,78,855,30,38.319053900255525
RRT*,1,5,10,91,793,34,39.61193606524041
RRT*,1,5,10,104,867,37,39.20686714609226
RRT*,1,5,10,117,860,28,40.32362318673875
RRT*,1,5,20,0,471,15,38.28242464822093
RRT*,1,5,20,13,529,16,36.68625828243732
RRT*,1,5,20,26,412,16,37.33079190846887
RRT*,1,5,20,39,517,20,37.29239339612491
RRT*,1,5,20,52,517,18,37.85246120883129
RRT*,1,5,20,65,518,17,37.15590903878161
RRT*,1,5,20,78,508,19,36.914698556619754
RRT*,1,5,20,91,528,16,37.80153920126077
RRT*,1,5,20,104,488,19,36.38826400884363
RRT*,1,5,20,117,505,22,39.498517647331354
RRT*,1,5,30,0,318,13,37.74924742408755
RRT*,1,5,30,13,380,11,36.63118694351829
RRT*,1,5,30,26,263,-1,-1
RRT*,1,5,30,39,372,14,37.338586752685664
RRT*,1,5,30,52,373,14,37.78433684890313
RRT*,1,5,30,65,372,13,37.207250468295825
RRT*,1,5,30,78,366,13,37.77235083340258
RRT*,1,5,30,91,382,13,37.75164828732359
RRT*,1,5,30,104,340,14,37.24829343048838
RRT*,1,5,30,117,286,-1,-1
RRT*,1,5,40,0,248,-1,-1
RRT*,1,5,40,13,286,11,36.63118694351829
RRT*,1,5,40,26,216,-1,-1
RRT*,1,5,40,39,304,12,37.50113463214928
RRT*,1,5,40,52,307,10,38.158242286522515
RRT*,1,5,40,65,301,11,37.085223170692004
RRT*,1,5,40,78,301,11,37.68705317212828
RRT*,1,5,40,91,312,11,37.7327123489392
RRT*,1,5,40,104,255,10,37.63151761405446
RRT*,1,5,40,117,237,-1,-1
RRT*,1,5,50,0,223,-1,-1
RRT*,1,5,50,13,270,11,36.752523870707215
RRT*,1,5,50,26,198,-1,-1
RRT*,1,5,50,39,265,10,37.92437053370446
RRT*,1,5,50,52,266,9,38.20912410504986
RRT*,1,5,50,65,261,10,37.64507420432642
RRT*,1,5,50,78,264,11,37.87352503810118
RRT*,1,5,50,91,273,10,37.71516401846814
RRT*,1,5,50,104,226,-1,-1
RRT*,1,5,50,117,215,-1,-1
RRT*,1,7.5,10,0,1052,41,39.16982267209632
RRT*,1,7.5,10,13,1015,31,39.48591034955256
RRT*,1,7.5,10,26,1029,33,39.347077895477184
RRT*,1,7.5,10,39,1065,17,39.58463105402937
RRT*,1,7.5,10,52,1097,28,40.251666299541554
RRT*,1,7.5,10,65,1073,33,38.59429058946311
RRT*,1,7.5,10,78,1063,30,38.07076492335243
RRT*,1,7.5,10,91,1019,36,39.057326237951855
RRT*,1,7.5,10,104,1069,36,38.013190153996646
RRT*,1,7.5,10,117,1073,29,40.20867106896667
RRT*,1,7.5,20,0,617,21,37.50993828746093
RRT*,1,7.5,20,13,661,20,36.648343057381524
RRT*,1,7.5,20,26,571,17,37.30560233034829
RRT*,1,7.5,20,39,649,21,36.58758526663391
RRT*,1,7.5,20,52,642,21,37.11414721368559
RRT*,1,7.5,20,65,648,20,36.52218434406967
RRT*,1,7.5,20,78,627,19,36.63014947096634
RRT*,1,7.5,20,91,656,17,37.55814927647437
RRT*,1,7.5,20,104,623,22,36.07729391355887
RRT*,1,7.5,20,117,635,21,37.53098822729038
RRT*,1,7.5,30,0,428,16,37.621326362730386
RRT*,1,7.5,30,13,471,14,36.48087914649525
RRT*,1,7.5,30,26,367,15,37.13085230849274
RRT*,1,7.5,30,39,468,16,37.107278472625694
RRT*,1,7.5,30,52,470,15,37.25220330835517
RRT*,1,7.5,30,65,468,15,37.022965723044926
RRT*,1,7.5,30,78,461,17,36.709812172879545
RRT*,1,7.5,30,91,476,13,37.729470406913954
RRT*,1,7.5,30,104,447,14,36.34195975838288
RRT*,1,7.5,30,117,358,-1,-1
RRT*,1,7.5,40,0,331,9,37.722309309829484
RRT*,1,7.5,40,13,383,11,36.63118694351829
RRT*,1,7.5,40,26,283,-1,-1
RRT*,1,7.5,40,39,380,12,37.29609411665695
RRT*,1,7.5,40,52,384,13,37.63174708550918
RRT*,1,7.5,40,65,381,11,37.085223170692004
RRT*,1,7.5,40,78,377,11,37.38751091316302
RRT*,1,7.5,40,91,387,11,37.7327123489392
RRT*,1,7.5,40,104,356,10,37.066133013089924
RRT*,1,7.5,40,117,297,-1,-1
RRT*,1,7.5,50,0,286,9,37.61199318037291
RRT*,1,7.5,50,13,333,11,36.752523870707215
RRT*,1,7.5,50,26,256,-1,-1
RRT*,1,7.5,50,39,335,12,37.3456546718424
RRT*,1,7.5,50,52,336,12,37.6954387695954
RRT*,1,7.5,50,65,333,10,37.0823490408416
RRT*,1,7.5,50,78,331,11,37.68337059179779
RRT*,1,7.5,50,91,338,10,37.71516401846814
RRT*,1,7.5,50,104,305,10,37.06506070777654
RRT*,1,7.5,50,117,266,-1,-1
RRT*,1,10,10,0,1231,43,38.42076695705955
RRT*,1,10,10,13,1196,32,38.797755527066506
RRT*,1,10,10,26,1207,33,39.32072122859694
RRT*,1,10,10,39,1235,17,39.58463105402937
RRT*,1,10,10,52,1267,30,40.14912499883254
RRT*,1,10,10,65,1239,33,38.59429058946311
RRT*,1,10,10,78,1244,30,38.07076492335243
RRT*,1,10,10,91,1201,36,39.057326237951855
RRT*,1,10,10,104,1242,36,38.013190153996646
RRT*,1,10,10,117,1253,29,40.20867106896667
RRT*,1,10,20,0,741,23,36.82175459974504
RRT*,1,10,20,13,762,20,36.648343057381524
RRT*,1,10,20,26,692,17,37.30560233034829
RRT*,1,10,20,39,746,21,36.57194461614857
RRT*,1,10,20,52,753,21,36.97073694313464
RRT*,1,10,20,65,758,20,36.27278732842007
RRT*,1,10,20,78,731,19,36.56278323976741
RRT*,1,10,20,91,737,17,37.55814927647437
RRT*,1,10,20,104,732,22,36.07729391355887
RRT*,1,10,20,117,741,21,37.53098822729038
RRT*,1,10,30,0,516,18,37.37080877251746
RRT*,1,10,30,13,544,14,36.48087914649525
RRT*,1,10,30,26,464,15,37.13085230849274
RRT*,1,10,30,39,492,16,37.107278472625694
RRT*,1,10,30,52,550,16,36.857311576142266
RRT*,1,10,30,65,555,15,36.70375188335292
RRT*,1,10,30,78,538,16,36.585017969483346
RRT*,1,10,30,91,551,14,37.53741747238722
RRT*,1,10,30,104,529,16,36.32548105750693
RRT*,1,10,30,117,421,-1,-1
RRT*,1,10,40,0,403,11,37.60692632659567
RRT*,1,10,40,13,442,12,36.516868802499744
RRT*,1,10,40,26,355,12,36.998094764606684
RRT*,1,10,40,39,442,13,37.06824520622972
RRT*,1,10,40,52,448,13,37.10036549312635
RRT*,1,10,40,65,449,12,36.8910089000709
RRT*,1,10,40,78,442,15,36.8000021046119
RRT*,1,10,40,91,449,11,37.71053446852956
RRT*,1,10,40,104,425,12,36.45975927645234
RRT*,1,10,40,117,346,-1,-1
RRT*,1,10,50,0,346,10,37.44704417127444
RRT*,1,10,50,13,384,11,36.60935055187626
RRT*,1,10,50,26,296,12,36.99293432668577
RRT*,1,10,50,39,384,12,37.29609411665695
RRT*,1,10,50,52,390,13,37.62606053118688
RRT*,1,10,50,65,390,10,37.0823490408416
RRT*,1,10,50,78,385,12,36.76691362463717
RRT*,1,10,50,91,389,10,37.67526591672881
RRT*,1,10,50,104,366,10,37.06506070777654
RRT*,1,10,50,117,307,-1,-1
RRT*,1,12.5,10,0,1381,43,38.049945559863986
RRT*,1,12.5,10,13,1343,33,38.72239116525441
RRT*,1,12.5,10,26,1364,33,39.32072122859694
RRT*,1,12.5,10,39,1393,17,39.58463105402937
RRT*,1,12.5,10,52,1415,30,40.09228744896631
RRT*,1,12.5,10,65,1395,34,38.554448084134705
RRT*,1,12.5,10,78,1395,31,37.76319335672682
RRT*,1,12.5,10,91,1354,36,38.980651075278786
RRT*,1,12.5,10,104,1395,37,37.85127784606092
RRT*,1,12.5,10,117,1392,35,39.65264091157844
RRT*,1,12.5,20,0,826,23,36.74714907452952
RRT*,1,12.5,20,13,847,21,36.52604295888442
RRT*,1,12.5,20,26,790,17,37.30560233034829
RRT*,1,12.5,20,39,840,21,36.57194461614857
RRT*,1,12.5,20,52,851,21,36.40058726212729
RRT*,1,12.5,20,65,854,20,36.27278732842007
RRT*,1,12.5,20,78,828,20,36.372582074250886
RRT*,1,12.5,20,91,861,17,37.55814927647437
RRT*,1,12.5,20,104,827,22,36.00891612237159
RRT*,1,12.5,20,117,837,22,37.378737072163176
RRT*,1,12.5,30,0,591,18,37.24398402303584
RRT*,1,12.5,30,13,616,14,36.48087914649525
RRT*,1,12.5,30,26,545,15,37.13085230849274
RRT*,1,12.5,30,39,607,17,36.461692056909975
RRT*,1,12.5,30,52,613,16,36.56022773381812
RRT*,1,12.5,30,65,622,17,36.256574547876305
RRT*,1,12.5,30,78,599,16,36.585017969483346
RRT*,1,12.5,30,91,616,14,37.45062675408089
RRT*,1,12.5,30,104,598,16,36.32548105750693
RRT*,1,12.5,30,117,500,15,37.87917674144599
RRT*,1,12.5,40,0,466,14,37.4435397801054
RRT*,1,12.5,40,13,494,12,36.43451985839825
RRT*,1,12.5,40,26,429,12,36.998094764606684
RRT*,1,12.5,40,39,498,13,37.06824520622972
RRT*,1,12.5,40,52,504,13,37.10036549312635
RRT*,1,12.5,40,65,506,12,36.8910089000709
RRT*,1,12.5,40,78,493,16,36.68717568625215
RRT*,1,12.5,40,91,500,11,37.71053446852956
RRT*,1,12.5,40,104,486,13,36.14650762548203
RRT*,1,12.5,40,117,388,-1,-1
RRT*,1,12.5,50,0,399,12,37.33823571502543
RRT*,1,12.5,50,13,426,11,36.60935055187626
RRT*,1,12.5,50,26,358,12,36.99293432668577
RRT*,1,12.5,50,39,431,12,37.29496304050919
RRT*,1,12.5,50,52,438,13,37.094678938804044
RRT*,1,12.5,50,65,437,11,36.88990382612191
RRT*,1,12.5,50,78,432,14,36.75723130757457
RRT*,1,12.5,50,91,434,10,37.67526591672881
RRT*,1,12.5,50,104,418,12,36.45653300446505
RRT*,1,12.5,50,117,345,-1,-1
RRT*,1,15,10,0,1523,43,38.03183615733267
RRT*,1,15,10,13,1494,35,38.666220482118604
RRT*,1,15,10,26,1509,37,39.069839824239914
RRT*,1,15,10,39,1535,17,39.58463105402937
RRT*,1,15,10,52,1562,30,40.09228744896631
RRT*,1,15,10,65,1527,35,38.466113982831025
RRT*,1,15,10,78,1525,31,37.76319335672682
RRT*,1,15,10,91,1487,36,38.980651075278786
RRT*,1,15,10,104,1532,37,37.7551689265036
RRT*,1,15,10,117,1527,47,38.41716790407717
RRT*,1,15,20,0,909,23,36.74714907452952
RRT*,1,15,20,13,930,21,36.52604295888442
RRT*,1,15,20,26,877,18,37.17276888110589
RRT*,1,15,20,39,924,23,36.119975453123836
RRT*,1,15,20,52,940,26,36.39100570155967
RRT*,1,15,20,65,936,20,36.27278732842007
RRT*,1,15,20,78,910,21,36.13649229687177
RRT*,1,15,20,91,945,20,37.18996690715248
RRT*,1,15,20,104,909,22,36.00891612237159
RRT*,1,15,20,117,927,22,36.90532178985751
RRT*,1,15,30,0,651,17,36.64258148917846
RRT*,1,15,30,13,677,16,36.44801087973851
RRT*,1,15,30,26,616,15,37.1253813865355
RRT*,1,15,30,39,666,17,36.461692056909975
RRT*,1,15,30,52,674,16,36.55955816317538
RRT*,1,15,30,65,682,19,36.21597561520263
RRT*,1,15,30,78,660,16,36.30046888382993
RRT*,1,15,30,91,675,15,37.44060530924225
RRT*,1,15,30,104,658,18,35.86795674606633
RRT*,1,15,30,117,584,17,37.09433007497553
RRT*,1,15,40,0,521,16,37.26526645224564
RRT*,1,15,40,13,541,12,36.43451985839825
RRT*,1,15,40,26,484,12,36.998094764606684
RRT*,1,15,40,39,543,13,36.413505400053985
RRT*,1,15,40,52,553,13,36.77215851325354
RRT*,1,15,40,65,558,12,36.59036618472392
RRT*,1,15,40,78,539,16,36.576807202648425
RRT*,1,15,40,91,548,11,37.6982494143913
RRT*,1,15,40,104,533,14,36.14436995262484
RRT*,1,15,40,117,428,11,37.55510510593717
RRT*,1,15,50,0,446,12,37.33823571502543
RRT*,1,15,50,13,470,12,36.45638650134147
RRT*,1,15,50,26,411,12,36.99293432668577
RRT*,1,15,50,39,475,13,37.06750210601616
RRT*,1,15,50,52,480,13,37.094678938804044
RRT*,1,15,50,65,481,11,36.61493674638545
RRT*,1,15,50,78,471,16,36.68349310592165
RRT*,1,15,50,91,475,10,37.67526591672881
RRT*,1,15,50,104,467,13,36.14650762548203
RRT*,1,15,50,117,376,-1,-1
RRT*,1,17.5,10,0,1646,44,38.024552684848445
RRT*,1,17.5,10,13,1621,38,38.15249700009359
RRT*,1,17.5,10,26,1637,41,38.916990353370906
RRT*,1,17.5,10,39,1665,17,39.58463105402937
RRT*,1,17.5,10,52,1687,32,40.07636826108416
RRT*,1,17.5,10,65,1650,35,38.466113982831025
RRT*,1,17.5,10,78,1662,31,37.76319335672682
RRT*,1,17.5,10,91,1608,36,38.980651075278786
RRT*,1,17.5,10,104,1659,37,37.61510649405716
RRT*,1,17.5,10,117,1655,47,38.41716790407717
RRT*,1,17.5,20,0,990,22,36.437668688268836
RRT*,1,17.5,20,13,1009,21,36.390991849276745
RRT*,1,17.5,20,26,954,18,37.17276888110589
RRT*,1,17.5,20,39,995,23,36.11079612063334
RRT*,1,17.5,20,52,1013,24,36.387050683705716
RRT*,1,17.5,20,65,1018,20,36.27278732842007
RRT*,1,17.5,20,78,994,21,36.13649229687177
RRT*,1,17.5,20,91,1020,20,37.146544094222484
RRT*,1,17.5,20,104,991,22,36.00891612237159
RRT*,1,17.5,20,117,998,22,36.90532178985751
RRT*,1,17.5,30,0,715,17,36.09172668334963
RRT*,1,17.5,30,13,728,16,36.44801087973851
RRT*,1,17.5,30,26,671,15,37.1253813865355
RRT*,1,17.5,30,39,716,17,36.461692056909975
RRT*,1,17.5,30,52,733,16,36.532061441498094
RRT*,1,17.5,30,65,740,19,36.21597561520263
RRT*,1,17.5,30,78,712,18,36.205853865275294
RRT*,1,17.5,30,91,731,15,37.44060530924225
RRT*,1,17.5,30,104,715,17,35.78710071502165
RRT*,1,17.5,30,117,646,17,36.66554281638044
RRT*,1,17.5,40,0,572,15,37.13687876424946
RRT*,1,17.5,40,13,588,13,36.4167845609011
RRT*,1,17.5,40,26,536,12,36.998094764606684
RRT*,1,17.5,40,39,587,13,36.413505400053985
RRT*,1,17.5,40,52,592,13,36.77215851325354
RRT*,1,17.5,40,65,603,13,36.2639635204017
RRT*,1,17.5,40,78,582,16,36.576807202648425
RRT*,1,17.5,40,91,593,13,37.448695861868984
RRT*,1,17.5,40,104,582,14,36.14436995262484
RRT*,1,17.5,40,117,481,11,37.55510510593717
RRT*,1,17.5,50,0,489,13,37.22898411506461
RRT*,1,17.5,50,13,507,11,36.41051841368448
RRT*,1,17.5,50,26,456,12,36.99293432668577
RRT*,1,17.5,50,39,509,13,37.06750210601616
RRT*,1,17.5,50,52,519,13,36.99051360181714
RRT*,1,17.5,50,65,523,11,36.56011594385199
RRT*,1,17.5,50,78,508,16,36.68349310592165
RRT*,1,17.5,50,91,509,10,37.67526591672881
RRT*,1,17.5,50,104,507,13,36.14650762548203
RRT*,1,17.5,50,117,409,-1,-1
RRT*,2,5,15,0,681,26,51.691804650661695
RRT*,2,5,15,13,679,26,50.36221962383008
RRT*,2,5,15,26,684,33,52.663440568004674
RRT*,2,5,15,39,656,29,50.5403545624131
RRT*,2,5,15,52,673,23,49.2303742717473
RRT*,2,5,15,65,688,28,51.542005063937815
RRT*,2,5,15,78,689,24,48.894454039004046
RRT*,2,5,15,91,687,24,48.95918544675592
RRT*,2,5,15,104,685,28,49.26028884218486
RRT*,2,5,15,117,675,29,51.461725013502885
RRT*,2,5,20,0,550,23,48.04006974968967
RRT*,2,5,20,13,538,21,51.36875143708383
RRT*,2,5,20,26,547,21,50.081066665957316
RRT*,2,5,20,39,533,23,51.32012046445488
RRT*,2,5,20,52,536,19,48.814062692783956
RRT*,2,5,20,65,542,19,50.81898571798291
RRT*,2,5,20,78,552,20,48.877004459616714
RRT*,2,5,20,91,557,15,48.46016532889632
RRT*,2,5,20,104,542,20,48.847725530539805
RRT*,2,5,20,117,537,19,51.63362376169674
RRT*,2,5,25,0,461,18,47.668473844591134
RRT*,2,5,25,13,438,18,51.40090701521593
RRT*,2,5,25,26,457,18,49.092394850949255
RRT*,2,5,25,39,433,17,49.41924960315444
RRT*,2,5,25,52,450,17,49.459756766886315
RRT*,2,5,25,65,444,13,50.934087016291535
RRT*,2,5,25,78,463,15,48.61786319044373
RRT*,2,5,25,91,466,14,49.08619417588059
RRT*,2,5,25,104,453,18,49.36312423611918
RRT*,2,5,25,117,452,17,50.187791244102876
RRT*,2,5,30,0,412,17,48.93422815487324
RRT*,2,5,30,13,379,16,51.41022241867434
RRT*,2,5,30,26,392,16,49.200611777599924
RRT*,2,5,30,39,376,17,49.45440153832073
RRT*,2,5,30,52,390,14,49.3225357862366
RRT*,2,5,30,65,380,16,49.5280329685004
RRT*,2,5,30,78,396,15,48.44095685441835
RRT*,2,5,30,91,403,13,49.435220974533756
RRT*,2,5,30,104,392,16,49.45658345128859
RRT*,2,5,30,117,391,15,50.112350590594176
RRT*,2,5,35,0,360,14,49.30864644981072
RRT*,2,5,35,13,332,15,51.32529683801474
RRT*,2,5,35,26,353,15,49.06236566718276
RRT*,2,5,35,39,334,17,50.27161200836216
RRT*,2,5,35,52,334,12,49.64261357440995
RRT*,2,5,35,65,337,15,49.57053052360543
RRT*,2,5,35,78,353,14,48.39358486445322
RRT*,2,5,35,91,359,13,50.486579558304925
RRT*,2,5,35,104,352,14,49.19165765821923
RRT*,2,5,35,117,346,14,50.831296534431985
RRT*,2,5,40,0,326,12,50.47163921441618
RRT*,2,5,40,13,296,13,51.375938549105975
RRT*,2,5,40,26,323,13,49.658123535971264
RRT*,2,5,40,39,300,17,50.943216934746545
RRT*,2,5,40,52,305,14,50.41068898312109
RRT*,2,5,40,65,302,12,50.85549100405332
RRT*,2,5,40,78,316,14,49.45969640195345
RRT*,2,5,40,91,322,13,50.51397351827224
RRT*,2,5,40,104,315,13,49.46669367292726
RRT*,2,5,40,117,316,12,49.96387355365944
RRT*,2,8,15,0,873,29,51.22157114470091
RRT*,2,8,15,13,857,25,49.45274910317319
RRT*,2,8,15,26,859,29,49.307569432563
RRT*,2,8,15,39,844,29,49.643027357121596
RRT*,2,8,15,52,853,23,49.2303742717473
RRT*,2,8,15,65,871,30,50.89833168039076
RRT*,2,8,15,78,874,26,48.77729116026938
RRT*,2,8,15,91,869,31,48.24839149836629
RRT*,2,8,15,104,863,28,48.88071537921034
RRT*,2,8,15,117,851,28,51.317968080370065
RRT*,2,8,20,0,697,23,47.98840329936719
RRT*,2,8,20,13,689,28,49.6772994243909
RRT*,2,8,20,26,694,21,48.088376249364366
RRT*,2,8,20,39,666,24,48.82882260321963
RRT*,2,8,20,52,677,22,48.79915329443465
RRT*,2,8,20,65,705,19,50.81898571798291
RRT*,2,8,20,78,707,25,48.76599491451352
RRT*,2,8,20,91,696,16,48.292596280783926
RRT*,2,8,20,104,697,25,48.72853771554932
RRT*,2,8,20,117,693,20,48.39035619553031
RRT*,2,8,25,0,585,19,47.635184629990285
RRT*,2,8,25,13,568,20,49.4470318487749
RRT*,2,8,25,26,584,18,48.57447193815537
RRT*,2,8,25,39,561,17,49.39799787700026
RRT*,2,8,25,52,566,18,48.740098296551146
RRT*,2,8,25,65,574,18,49.43467641382882
RRT*,2,8,25,78,595,20,48.076964307517606
RRT*,2,8,25,91,589,15,48.1778367754974
RRT*,2,8,25,104,581,19,48.79081333596832
RRT*,2,8,25,117,581,19,48.26281556195333
RRT*,2,8,30,0,505,18,48.30397003040237
RRT*,2,8,30,13,483,19,50.958009174403784
RRT*,2,8,30,26,499,17,48.62393224553975
RRT*,2,8,30,39,479,18,49.36007232602794
RRT*,2,8,30,52,493,14,49.3225357862366
RRT*,2,8,30,65,484,16,49.287100850143936
RRT*,2,8,30,78,508,16,48.21106902740347
RRT*,2,8,30,91,514,14,48.16819091203564
RRT*,2,8,30,104,503,19,48.69353167173535
RRT*,2,8,30,117,503,17,49.741021518151264
RRT*,2,8,35,0,455,16,48.31496975171024
RRT*,2,8,35,13,428,15,51.32529683801474
RRT*,2,8,35,26,449,16,48.430304539738906
RRT*,2,8,35,39,421,17,48.9914213412867
RRT*,2,8,35,52,440,13,49.29987852720026
RRT*,2,8,35,65,428,15,49.29499078383002
RRT*,2,8,35,78,450,14,48.16957175872222
RRT*,2,8,35,91,453,13,48.82139847098552
RRT*,2,8,35,104,445,16,49.13541258909105
RRT*,2,8,35,117,443,12,49.95198367069082
RRT*,2,8,40,0,417,16,48.63103846973376
RRT*,2,8,40,13,384,13,51.310693762995434
RRT*,2,8,40,26,407,15,48.68068210119345
RRT*,2,8,40,39,382,15,49.029376525847766
RRT*,2,8,40,52,395,16,49.269550613446384
RRT*,2,8,40,65,387,15,49.49551421356982
RRT*,2,8,40,78,405,14,48.380892020771604
RRT*,2,8,40,91,409,13,49.42353977646155
RRT*,2,8,40,104,400,14,49.162726621323415
RRT*,2,8,40,117,402,13,49.43501931261183
RRT*,2,11,15,0,1018,28,49.75022052452162
RRT*,2,11,15,13,1010,26,49.240729717859594
RRT*,2,11,15,26,1010,29,49.307569432563
RRT*,2,11,15,39,986,32,49.00634940284127
RRT*,2,11,15,52,1010,23,49.2303742717473
RRT*,2,11,15,65,1024,30,50.89833168039076
RRT*,2,11,15,78,1022,26,48.60781365828344
RRT*,2,11,15,91,1016,37,47.701072359606805
RRT*,2,11,15,104,1025,28,48.88071537921034
RRT*,2,11,15,117,1009,29,51.20719191216843
RRT*,2,11,20,0,822,23,47.98840329936719
RRT*,2,11,20,13,805,27,48.38684135854766
RRT*,2,11,20,26,816,22,47.60049002604769
RRT*,2,11,20,39,791,24,47.83440848179182
RRT*,2,11,20,52,799,22,48.79915329443465
RRT*,2,11,20,65,825,25,50.16178902302336
RRT*,2,11,20,78,828,25,48.304564760447086
RRT*,2,11,20,91,816,16,47.919786341951735
RRT*,2,11,20,104,817,26,47.8794737399767
RRT*,2,11,20,117,804,20,48.39035619553031
RRT*,2,11,25,0,691,20,47.610809091776794
RRT*,2,11,25,13,672,21,49.43876915319168
RRT*,2,11,25,26,678,19,47.87820360177767
RRT*,2,11,25,39,655,19,48.64355765776865
RRT*,2,11,25,52,668,18,48.740098296551146
RRT*,2,11,25,65,683,18,49.34389567623218
RRT*,2,11,25,78,707,20,48.076964307517606
RRT*,2,11,25,91,687,15,48.13228211991309
RRT*,2,11,25,104,689,21,48.56651731482101
RRT*,2,11,25,117,687,18,47.77134203595466
RRT*,2,11,30,0,595,19,47.4107681001173
RRT*,2,11,30,13,575,20,49.31211683739182
RRT*,2,11,30,26,591,19,48.5692032745151
RRT*,2,11,30,39,564,19,49.19515366032526
RRT*,2,11,30,52,582,17,48.59916947558044
RRT*,2,11,30,65,587,18,48.61404654884514
RRT*,2,11,30,78,605,22,47.93436859934661
RRT*,2,11,30,91,599,14,48.158049356445886
RRT*,2,11,30,104,594,18,48.612594881057746
RRT*,2,11,30,117,594,17,48.25083544306998
RRT*,2,11,35,0,525,17,47.42135588817009
RRT*,2,11,35,13,506,17,49.95296933160792
RRT*,2,11,35,26,520,16,48.430304539738906
RRT*,2,11,35,39,503,18,48.78956107940469
RRT*,2,11,35,52,515,15,49.25032194133361
RRT*,2,11,35,65,507,15,49.29201367253406
RRT*,2,11,35,78,531,15,48.16369703743834
RRT*,2,11,35,91,534,14,48.16819091203564
RRT*,2,11,35,104,523,18,48.565019052619675
RRT*,2,11,35,117,524,12,49.88241704823851
RRT*,2,11,40,0,478,16,48.273700593261104
RRT*,2,11,40,13,451,13,51.3092300514832
RRT*,2,11,40,26,472,15,48.42484322735706
RRT*,2,11,40,39,449,15,48.98289704568349
RRT*,2,11,40,52,465,15,49.25019846097802
RRT*,2,11,40,65,455,15,49.26698736176084
RRT*,2,11,40,78,478,14,48.15394302091938
RRT*,2,11,40,91,482,13,48.79777662912218
RRT*,2,11,40,104,471,16,48.59507229110798
RRT*,2,11,40,117,472,13,49.43501931261183
RRT*,2,14,15,0,1144,28,49.75022052452162
RRT*,2,14,15,13,1129,27,49.179226627628196
RRT*,2,14,15,26,1148,29,49.307569432563
RRT*,2,14,15,39,1115,32,49.00634940284127
RRT*,2,14,15,52,1137,24,48.90883642621835
RRT*,2,14,15,65,1153,30,50.89833168039076
RRT*,2,14,15,78,1154,27,47.739357596987155
RRT*,2,14,15,91,1138,40,47.55533177786736
RRT*,2,14,15,104,1154,28,48.88071537921034
RRT*,2,14,15,117,1136,30,51.19444251689412
RRT*,2,14,20,0,930,25,47.74133558411145
RRT*,2,14,20,13,896,27,47.50133363880991
RRT*,2,14,20,26,916,22,47.60049002604769
RRT*,2,14,20,39,895,25,47.82633654996149
RRT*,2,14,20,52,899,22,48.787218128638
RRT*,2,14,20,65,923,26,50.149711917813015
RRT*,2,14,20,78,930,26,48.20625752467084
RRT*,2,14,20,91,920,25,47.75218467990105
RRT*,2,14,20,104,919,26,47.8794737399767
RRT*,2,14,20,117,913,21,48.2059254648044
RRT*,2,14,25,0,778,21,47.59664734804652
RRT*,2,14,25,13,756,22,48.7356529849012
RRT*,2,14,25,26,766,19,47.87820360177767
RRT*,2,14,25,39,735,19,48.639535220128586
RRT*,2,14,25,52,748,18,48.73169259463036
RRT*,2,14,25,65,774,20,48.610794710401656
RRT*,2,14,25,78,788,21,47.909592413838865
RRT*,2,14,25,91,777,15,47.738044092963754
RRT*,2,14,25,104,772,21,47.746840173637544
RRT*,2,14,25,117,766,18,47.77134203595466
RRT*,2,14,30,0,666,19,47.40379414569547
RRT*,2,14,30,13,652,21,49.29524946423299
RRT*,2,14,30,26,663,18,48.00899311027228
RRT*,2,14,30,39,635,20,48.63997523280631
RRT*,2,14,30,52,646,17,48.59916947558044
RRT*,2,14,30,65,665,18,48.52105501134011
RRT*,2,14,30,78,690,22,47.92890817406062
RRT*,2,14,30,91,674,14,48.11086164683982
RRT*,2,14,30,104,674,21,48.43634096088553
RRT*,2,14,30,117,672,16,47.71683517796532
RRT*,2,14,35,0,594,17,47.42135588817009
RRT*,2,14,35,13,575,20,49.49996217224418
RRT*,2,14,35,26,592,17,48.392224054983465
RRT*,2,14,35,39,570,18,48.78956107940469
RRT*,2,14,35,52,580,15,48.57609989338668
RRT*,2,14,35,65,585,17,48.6174359999287
RRT*,2,14,35,78,605,19,47.86275406319328
RRT*,2,14,35,91,598,14,48.158049356445886
RRT*,2,14,35,104,593,18,48.53011488852131
RRT*,2,14,35,117,592,15,47.92311706600182
RRT*,2,14,40,0,532,17,47.41197041362621
RRT*,2,14,40,13,515,15,49.91460250638013
RRT*,2,14,40,26,530,15,48.40680976017341
RRT*,2,14,40,39,513,15,48.92745787137523
RRT*,2,14,40,52,525,15,49.25019846097802
RRT*,2,14,40,65,517,14,49.10327109498338
RRT*,2,14,40,78,544,15,48.15100419375672
RRT*,2,14,40,91,543,14,48.09348761746584
RRT*,2,14,40,104,535,17,48.419860689460634
RRT*,2,14,40,117,536,14,48.25495512556327
RRT*,2,17,15,0,1260,30,49.03666323939692
RRT*,2,17,15,13,1240,25,48.24051795542127
RRT*,2,17,15,26,1266,29,48.628645158105314
RRT*,2,17,15,39,1239,32,49.00634940284127
RRT*,2,17,15,52,1256,26,48.813132437534215
RRT*,2,17,15,65,1263,32,50.81427727425908
RRT*,2,17,15,78,1269,27,47.739357596987155
RRT*,2,17,15,91,1255,41,47.52214417363425
RRT*,2,17,15,104,1279,28,48.88071537921034
RRT*,2,17,15,117,1248,33,50.05743332084821
RRT*,2,17,20,0,1010,25,47.735750962495274
RRT*,2,17,20,13,1002,27,47.309077692861315
RRT*,2,17,20,26,1007,22,47.60049002604769
RRT*,2,17,20,39,981,28,47.55697879755945
RRT*,2,17,20,52,992,22,48.18622223437936
RRT*,2,17,20,65,1022,26,50.149711917813015
RRT*,2,17,20,78,1014,26,48.202871961765986
RRT*,2,17,20,91,1011,26,47.47178624401097
RRT*,2,17,20,104,1020,26,47.8794737399767
RRT*,2,17,20,117,1005,22,48.04209520315674
RRT*,2,17,25,0,859,21,47.59664734804652
RRT*,2,17,25,13,832,23,47.398167443204734
RRT*,2,17,25,26,847,20,47.583303866532376
RRT*,2,17,25,39,818,23,48.27114428954174
RRT*,2,17,25,52,826,18,48.73169259463036
RRT*,2,17,25,65,844,21,47.43868776356566
RRT*,2,17,25,78,871,25,47.78913385968668
RRT*,2,17,25,91,850,20,47.699805151280536
RRT*,2,17,25,104,849,22,47.66901143540453
RRT*,2,17,25,117,842,20,47.20408943189669
RRT*,2,17,30,0,733,19,47.40237433640108
RRT*,2,17,30,13,724,22,48.59213329594251
RRT*,2,17,30,26,728,18,47.82646538203433
RRT*,2,17,30,39,691,20,48.63997523280631
RRT*,2,17,30,52,714,17,48.59916947558044
RRT*,2,17,30,65,740,19,47.89046349159016
RRT*,2,17,30,78,759,23,47.76153628038188
RRT*,2,17,30,91,742,17,47.79093632538958
RRT*,2,17,30,104,737,20,47.83084927538101
RRT*,2,17,30,117,736,16,47.71683517796532
RRT*,2,17,35,0,649,17,47.37872432223476
RRT*,2,17,35,13,633,20,49.387387656468604
RRT*,2,17,35,26,647,16,47.601836325369206
RRT*,2,17,35,39,625,18,48.27756005369547
RRT*,2,17,35,52,631,15,48.57609989338668
RRT*,2,17,35,65,645,17,48.516385053614925
RRT*,2,17,35,78,668,18,47.857768265131014
RRT*,2,17,35,91,651,14,48.158049356445886
RRT*,2,17,35,104,658,18,48.359610115049705
RRT*,2,17,35,117,653,15,47.446948682147216
RRT*,2,17,40,0,588,17,47.41197041362621
RRT*,2,17,40,13,570,19,49.44322028985719
RRT*,2,17,40,26,590,16,48.36872927541797
RRT*,2,17,40,39,562,15,48.92745787137523
RRT*,2,17,40,52,575,14,48.57025516771497
RRT*,2,17,40,65,577,16,48.9807493053262
RRT*,2,17,40,78,601,19,47.86068496239933
RRT*,2,17,40,91,596,14,48.09348761746584
RRT*,2,17,40,104,592,18,48.41430634456546
RRT*,2,17,40,117,589,13,47.72118074995148
RRT*,2,20,15,0,1360,34,48.73173150252184
RRT*,2,20,15,13,1341,25,47.75393993334122
RRT*,2,20,15,26,1367,34,48.29217974007666
RRT*,2,20,15,39,1350,32,49.00634940284127
RRT*,2,20,15,52,1359,26,48.589913776237694
RRT*,2,20,15,65,1378,35,50.49758135508
RRT*,2,20,15,78,1379,27,47.739357596987155
RRT*,2,20,15,91,1357,41,47.52214417363425
RRT*,2,20,15,104,1380,33,48.44597846292588
RRT*,2,20,15,117,1363,33,50.05743332084821
RRT*,2,20,20,0,1089,25,47.58125736335094
RRT*,2,20,20,13,1089,27,47.309077692861315
RRT*,2,20,20,26,1096,22,47.60049002604769
RRT*,2,20,20,39,1064,28,47.413662649355054
RRT*,2,20,20,52,1073,22,48.18622223437936
RRT*,2,20,20,65,1101,27,50.079273709223905
RRT*,2,20,20,78,1100,26,48.202871961765986
RRT*,2,20,20,91,1092,27,47.41187025045512
RRT*,2,20,20,104,1104,26,47.8794737399767
RRT*,2,20,20,117,1096,22,48.04209520315674
RRT*,2,20,25,0,938,24,47.472185536165426
RRT*,2,20,25,13,913,23,47.3671817304111
RRT*,2,20,25,26,927,20,47.583303866532376
RRT*,2,20,25,39,908,26,48.21679542809743
RRT*,2,20,25,52,903,19,48.68670296568201
RRT*,2,20,25,65,926,20,47.41273867540757
RRT*,2,20,25,78,947,24,47.72906736265805
RRT*,2,20,25,91,920,23,47.38549158334959
RRT*,2,20,25,104,917,23,47.648499319662115
RRT*,2,20,25,117,922,20,47.17629795272366
RRT*,2,20,30,0,794,19,47.40237433640108
RRT*,2,20,30,13,786,22,48.575095401707635
RRT*,2,20,30,26,800,18,47.82646538203433
RRT*,2,20,30,39,759,21,48.1730104158441
RRT*,2,20,30,52,771,17,48.588021575337955
RRT*,2,20,30,65,794,22,47.350251675304406
RRT*,2,20,30,78,815,23,47.76153628038188
RRT*,2,20,30,91,796,19,47.4943205711674
RRT*,2,20,30,104,796,20,47.59092852085409
RRT*,2,20,30,117,792,16,47.476945504663426
RRT*,2,20,35,0,704,17,47.37730451294037
RRT*,2,20,35,13,686,21,48.541788550638366
RRT*,2,20,35,26,698,18,47.58712302161139
RRT*,2,20,35,39,672,18,48.2775452996467
RRT*,2,20,35,52,682,15,48.57609989338668
RRT*,2,20,35,65,707,17,48.516385053614925
RRT*,2,20,35,78,727,18,47.857768265131014
RRT*,2,20,35,91,705,14,48.11086164683982
RRT*,2,20,35,104,710,18,48.359610115049705
RRT*,2,20,35,117,707,15,47.446948682147216
RRT*,2,20,40,0,637,17,47.35847132137046
RRT*,2,20,40,13,617,19,49.380830750297186
RRT*,2,20,40,26,636,15,47.57834154580371
RRT*,2,20,40,39,609,15,48.173752288211894
RRT*,2,20,40,52,615,14,48.57025516771497
RRT*,2,20,40,65,624,15,48.97224788063194
RRT*,2,20,40,78,653,18,47.85969194387031
RRT*,2,20,40,91,639,14,48.09348761746584
RRT*,2,20,40,104,643,18,48.35953573919734
RRT*,2,20,40,117,638,13,47.39170901666405
RRT*,2,23,15,0,1468,34,48.679960746098935
RRT*,2,23,15,13,1443,24,47.72198186495728
RRT*,2,23,15,26,1470,35,47.702845015747755
RRT*,2,23,15,39,1449,34,48.80529847473908
RRT*,2,23,15,52,1475,26,48.589913776237694
RRT*,2,23,15,65,1499,37,50.31127746251303
RRT*,2,23,15,78,1502,27,47.739357596987155
RRT*,2,23,15,91,1467,41,47.52214417363425
RRT*,2,23,15,104,1489,33,48.44597846292588
RRT*,2,23,15,117,1479,33,50.05743332084821
RRT*,2,23,20,0,1186,26,47.449860695707045
RRT*,2,23,20,13,1173,27,47.309077692861315
RRT*,2,23,20,26,1196,23,47.503599173165206
RRT*,2,23,20,39,1155,32,47.40929707192864
RRT*,2,23,20,52,1153,22,48.18622223437936
RRT*,2,23,20,65,1173,35,48.084571355453534
RRT*,2,23,20,78,1178,28,47.931266466780556
RRT*,2,23,20,91,1167,27,47.33261840014094
RRT*,2,23,20,104,1177,26,47.79646408202538
RRT*,2,23,20,117,1171,22,48.04209520315674
RRT*,2,23,25,0,989,24,47.4490958745854
RRT*,2,23,25,13,972,23,47.18801891819366
RRT*,2,23,25,26,982,20,47.583303866532376
RRT*,2,23,25,39,954,26,47.72472042630848
RRT*,2,23,25,52,961,20,48.65310091484443
RRT*,2,23,25,65,980,20,47.41273867540757
RRT*,2,23,25,78,999,24,47.72906736265805
RRT*,2,23,25,91,984,23,47.36943392396181
RRT*,2,23,25,104,990,23,47.648499319662115
RRT*,2,23,25,117,984,20,47.17629795272366
RRT*,2,23,30,0,849,21,47.37605125552042
RRT*,2,23,30,13,832,22,47.377130467678825
RRT*,2,23,30,26,848,19,47.57915916693323
RRT*,2,23,30,39,817,22,47.81854832357367
RRT*,2,23,30,52,826,17,48.588021575337955
RRT*,2,23,30,65,844,22,47.14081979407837
RRT*,2,23,30,78,875,23,47.76153628038188
RRT*,2,23,30,91,852,19,47.4943205711674
RRT*,2,23,30,104,851,20,47.59092852085409
RRT*,2,23,30,117,851,15,47.03333362396269
RRT*,2,23,35,0,754,17,47.37730451294037
RRT*,2,23,35,13,739,22,48.301804841161925
RRT*,2,23,35,26,748,18,47.58712302161139
RRT*,2,23,35,39,713,18,48.2775452996467
RRT*,2,23,35,52,734,15,48.57609989338668
RRT*,2,23,35,65,757,17,47.88958536359095
RRT*,2,23,35,78,776,19,47.69039637145227
RRT*,2,23,35,91,756,17,48.08753660587031
RRT*,2,23,35,104,758,17,47.76825116383243
RRT*,2,23,35,117,756,16,47.435130823969835
RRT*,2,23,40,0,676,17,47.35705151207607
RRT*,2,23,40,13,659,19,49.23697200078737
RRT*,2,23,40,26,675,15,47.57834154580371
RRT*,2,23,40,39,657,15,48.16945924477508
RRT*,2,23,40,52,667,14,48.57025516771497
RRT*,2,23,40,65,685,17,48.50667401774774
RRT*,2,23,40,78,715,18,47.8575632839235
RRT*,2,23,40,91,692,14,48.04629990785979
RRT*,2,23,40,104,693,18,48.35953573919734
RRT*,2,23,40,117,681,13,47.29389870063529
RRT*,3,1,10,0,295,-1,-1
RRT*,3,1,10,13,292,-1,-1
RRT*,3,1,10,26,303,17,24.313953665492477
RRT*,3,1,10,39,286,-1,-1
RRT*,3,1,10,52,363,19,23.585914470557853
RRT*,3,1,10,65,278,-1,-1
RRT*,3,1,10,78,279,-1,-1
RRT*,3,1,10,91,310,17,25.657057662828972
RRT*,3,1,10,104,335,14,24.545570268453105
RRT*,3,1,10,117,360,12,24.346608808940857
RRT*,3,1,15,0,258,7,25.698046262428754
RRT*,3,1,15,13,277,12,23.470373158521426
RRT*,3,1,15,26,215,-1,-1
RRT*,3,1,15,39,209,-1,-1
RRT*,3,1,15,52,269,11,21.319782375441104
RRT*,3,1,15,65,212,-1,-1
RRT*,3,1,15,78,195,-1,-1
RRT*,3,1,15,91,213,-1,-1
RRT*,3,1,15,104,243,10,22.06378870552644
RRT*,3,1,15,117,266,9,24.319514859533882
RRT*,3,1,20,0,203,7,23.001735817236373
RRT*,3,1,20,13,221,10,23.11958160462569
RRT*,3,1,20,26,173,-1,-1
RRT*,3,1,20,39,168,-1,-1
RRT*,3,1,20,52,204,10,21.149100813356345
RRT*,3,1,20,65,175,-1,-1
RRT*,3,1,20,78,158,-1,-1
RRT*,3,1,20,91,173,-1,-1
RRT*,3,1,20,104,191,8,22.7293978853601
RRT*,3,1,20,117,209,8,23.61816522586522
RRT*,3,1,25,0,167,7,22.917292328192428
RRT*,3,1,25,13,187,8,23.44733060453093
RRT*,3,1,25,26,149,-1,-1
RRT*,3,1,25,39,143,-1,-1
RRT*,3,1,25,52,167,9,21.149066760735312
RRT*,3,1,25,65,153,-1,-1
RRT*,3,1,25,78,135,-1,-1
RRT*,3,1,25,91,149,-1,-1
RRT*,3,1,25,104,152,-1,-1
RRT*,3,1,25,117,173,8,24.139956722466977
RRT*,3,1,30,0,145,7,22.917292328192428
RRT*,3,1,30,13,162,7,24.44728808200306
RRT*,3,1,30,26,134,-1,-1
RRT*,3,1,30,39,129,-1,-1
RRT*,3,1,30,52,142,9,22.182951214788577
RRT*,3,1,30,65,136,-1,-1
RRT*,3,1,30,78,124,-1,-1
RRT*,3,1,30,91,138,-1,-1
RRT*,3,1,30,104,136,-1,-1
RRT*,3,1,30,117,150,8,24.139956722466977
RRT*,3,1,35,0,133,7,22.917292328192428
RRT*,3,1,35,13,147,7,24.44728808200306
RRT*,3,1,35,26,126,-1,-1
RRT*,3,1,35,39,120,-1,-1
RRT*,3,1,35,52,126,9,23.35418674702235
RRT*,3,1,35,65,127,-1,-1
RRT*,3,1,35,78,114,-1,-1
RRT*,3,1,35,91,126,-1,-1
RRT*,3,1,35,104,125,-1,-1
RRT*,3,1,35,117,132,8,24.76244375168802
RRT*,3,2,10,0,481,15,24.93280226005483
RRT*,3,2,10,13,484,14,25.013144090014382
RRT*,3,2,10,26,503,20,23.024691493269735
RRT*,3,2,10,39,490,19,25.776631263218317
RRT*,3,2,10,52,551,19,22.937544375008855
RRT*,3,2,10,65,466,18,24.52311811819376
RRT*,3,2,10,78,407,-1,-1
RRT*,3,2,10,91,513,18,23.3558694530289
RRT*,3,2,10,104,530,15,24.34786660541612
RRT*,3,2,10,117,540,12,24.346608808940857
RRT*,3,2,15,0,408,11,24.175411574326677
RRT*,3,2,15,13,419,13,23.33323096527765
RRT*,3,2,15,26,354,13,24.694910353918992
RRT*,3,2,15,39,332,17,26.144855249933283
RRT*,3,2,15,52,410,11,21.319782375441104
RRT*,3,2,15,65,318,14,24.15053558701086
RRT*,3,2,15,78,304,-1,-1
RRT*,3,2,15,91,378,12,22.22863965000737
RRT*,3,2,15,104,391,10,22.06378870552644
RRT*,3,2,15,117,406,9,23.737047678538634
RRT*,3,2,20,0,324,8,22.824081173071498
RRT*,3,2,20,13,334,10,23.11958160462569
RRT*,3,2,20,26,264,11,22.445029499352515
RRT*,3,2,20,39,253,-1,-1
RRT*,3,2,20,52,327,10,21.149100813356345
RRT*,3,2,20,65,258,-1,-1
RRT*,3,2,20,78,246,-1,-1
RRT*,3,2,20,91,268,11,21.92290908665814
RRT*,3,2,20,104,308,11,21.354700206722853
RRT*,3,2,20,117,321,9,23.533292080498555
RRT*,3,2,25,0,269,7,22.917292328192428
RRT*,3,2,25,13,280,8,23.11278611242236
RRT*,3,2,25,26,219,-1,-1
RRT*,3,2,25,39,214,-1,-1
RRT*,3,2,25,52,273,9,21.149066760735312
RRT*,3,2,25,65,222,-1,-1
RRT*,3,2,25,78,208,-1,-1
RRT*,3,2,25,91,218,-1,-1
RRT*,3,2,25,104,253,8,22.7293978853601
RRT*,3,2,25,117,269,8,23.559297955422693
RRT*,3,2,30,0,231,7,22.917292328192428
RRT*,3,2,30,13,246,8,23.11278611242236
RRT*,3,2,30,26,196,-1,-1
RRT*,3,2,30,39,192,-1,-1
RRT*,3,2,30,52,236,8,21.140228666622473
RRT*,3,2,30,65,200,-1,-1
RRT*,3,2,30,78,187,-1,-1
RRT*,3,2,30,91,195,-1,-1
RRT*,3,2,30,104,220,9,22.404878231392274
RRT*,3,2,30,117,235,7,23.558418811432905
RRT*,3,2,35,0,208,7,22.917292328192428
RRT*,3,2,35,13,219,8,23.11278611242236
RRT*,3,2,35,26,179,-1,-1
RRT*,3,2,35,39,179,-1,-1
RRT*,3,2,35,52,209,8,21.140228666622473
RRT*,3,2,35,65,185,-1,-1
RRT*,3,2,35,78,172,-1,-1
RRT*,3,2,35,91,181,-1,-1
RRT*,3,2,35,104,199,8,22.391484809827553
RRT*,3,2,35,117,210,7,23.558418811432905
RRT*,3,3,10,0,628,21,24.84086301364965
RRT*,3,3,10,13,636,20,24.267150173717926
RRT*,3,3,10,26,648,20,22.80430090330896
RRT*,3,3,10,39,634,19,25.776631263218317
RRT*,3,3,10,52,682,19,22.937544375008855
RRT*,3,3,10,65,614,18,24.52311811819376
RRT*,3,3,10,78,516,-1,-1
RRT*,3,3,10,91,656,18,22.397523308465615
RRT*,3,3,10,104,677,15,24.34786660541612
RRT*,3,3,10,117,678,13,24.111765047269106
RRT*,3,3,15,0,510,12,24.060296086083184
RRT*,3,3,15,13,525,13,23.32388580634245
RRT*,3,3,15,26,473,14,23.296859526539613
RRT*,3,3,15,39,448,17,26.144855249933283
RRT*,3,3,15,52,518,11,21.319782375441104
RRT*,3,3,15,65,436,15,23.87100896416627
RRT*,3,3,15,78,370,-1,-1
RRT*,3,3,15,91,486,12,22.042772908026688
RRT*,3,3,15,104,503,10,22.06378870552644
RRT*,3,3,15,117,509,9,23.737047678538634
RRT*,3,3,20,0,411,11,22.73921575269825
RRT*,3,3,20,13,417,10,23.11958160462569
RRT*,3,3,20,26,356,12,21.970566527144005
RRT*,3,3,20,39,335,13,22.584856691686543
RRT*,3,3,20,52,408,10,21.149100813356345
RRT*,3,3,20,65,319,11,22.979902547848752
RRT*,3,3,20,78,306,-1,-1
RRT*,3,3,20,91,374,10,21.65658364040275
RRT*,3,3,20,104,395,11,21.354700206722853
RRT*,3,3,20,117,407,9,23.533292080498555
RRT*,3,3,25,0,347,8,22.776981142707264
RRT*,3,3,25,13,347,8,23.11278611242236
RRT*,3,3,25,26,285,9,22.158917468390705
RRT*,3,3,25,39,270,-1,-1
RRT*,3,3,25,52,346,9,21.149066760735312
RRT*,3,3,25,65,273,-1,-1
RRT*,3,3,25,78,262,-1,-1
RRT*,3,3,25,91,297,10,21.888666115302257
RRT*,3,3,25,104,333,11,21.354700206722853
RRT*,3,3,25,117,340,8,23.52315402960058
RRT*,3,3,30,0,298,7,22.917292328192428
RRT*,3,3,30,13,306,8,23.11278611242236
RRT*,3,3,30,26,244,9,22.121590669759446
RRT*,3,3,30,39,238,-1,-1
RRT*,3,3,30,52,301,8,21.140228666622473
RRT*,3,3,30,65,245,-1,-1
RRT*,3,3,30,78,238,-1,-1
RRT*,3,3,30,91,254,9,21.852609765817796
RRT*,3,3,30,104,283,11,21.354700206722853
RRT*,3,3,30,117,297,7,23.523088789161367
RRT*,3,3,35,0,265,7,22.917292328192428
RRT*,3,3,35,13,274,8,23.11278611242236
RRT*,3,3,35,26,221,8,22.119756419426253
RRT*,3,3,35,39,220,-1,-1
RRT*,3,3,35,52,270,8,21.140228666622473
RRT*,3,3,35,65,225,-1,-1
RRT*,3,3,35,78,215,-1,-1
RRT*,3,3,35,91,222,8,23.07360474567825
RRT*,3,3,35,104,251,8,22.391484809827553
RRT*,3,3,35,117,264,7,23.558418811432905
RRT*,3,4,10,0,749,21,24.84086301364965
RRT*,3,4,10,13,758,20,23.95737175840679
RRT*,3,4,10,26,772,20,22.80430090330896
RRT*,3,4,10,39,755,19,25.776631263218317
RRT*,3,4,10,52,798,19,22.937544375008855
RRT*,3,4,10,65,740,18,24.52311811819376
RRT*,3,4,10,78,640,25,23.688307804354423
RRT*,3,4,10,91,773,18,22.110414763300238
RRT*,3,4,10,104,789,22,24.01110596749856
RRT*,3,4,10,117,786,13,24.111765047269106
RRT*,3,4,15,0,600,12,23.36042098342788
RRT*,3,4,15,13,612,13,23.162751965236914
RRT*,3,4,15,26,569,16,22.74005902393176
RRT*,3,4,15,39,541,19,24.537172970435034
RRT*,3,4,15,52,603,11,21.319782375441104
RRT*,3,4,15,65,540,15,23.78351112385245
RRT*,3,4,15,78,437,-1,-1
RRT*,3,4,15,91,581,15,21.196413946598888
RRT*,3,4,15,104,595,11,22.04469840310361
RRT*,3,4,15,117,597,12,23.467463727161864
RRT*,3,4,20,0,481,10,22.625896726082846
RRT*,3,4,20,13,491,10,23.11958160462569
RRT*,3,4,20,26,439,12,21.94119774167662
RRT*,3,4,20,39,409,13,22.57851452476478
RRT*,3,4,20,52,480,10,21.149100813356345
RRT*,3,4,20,65,392,11,22.979902547848752
RRT*,3,4,20,78,353,-1,-1
RRT*,3,4,20,91,453,10,21.65658364040275
RRT*,3,4,20,104,471,11,21.354700206722853
RRT*,3,4,20,117,479,10,23.199315862051918
RRT*,3,4,25,0,405,12,22.673016073948215
RRT*,3,4,25,13,405,8,23.11278611242236
RRT*,3,4,25,26,349,10,22.12452372857133
RRT*,3,4,25,39,329,12,22.5627443034088
RRT*,3,4,25,52,403,9,21.149066760735312
RRT*,3,4,25,65,320,9,23.115484263641136
RRT*,3,4,25,78,305,-1,-1
RRT*,3,4,25,91,372,10,21.650801599354555
RRT*,3,4,25,104,391,11,21.354700206722853
RRT*,3,4,25,117,400,8,23.290615275086317
RRT*,3,4,30,0,353,8,22.776981142707264
RRT*,3,4,30,13,354,8,23.073698889445357
RRT*,3,4,30,26,295,9,22.121590669759446
RRT*,3,4,30,39,280,11,22.562305481892302
RRT*,3,4,30,52,352,8,21.140228666622473
RRT*,3,4,30,65,281,-1,-1
RRT*,3,4,30,78,275,-1,-1
RRT*,3,4,30,91,313,9,21.852609765817796
RRT*,3,4,30,104,339,11,21.354700206722853
RRT*,3,4,30,117,346,7,23.523088789161367
RRT*,3,4,35,0,311,7,22.917292328192428
RRT*,3,4,35,13,316,8,23.11278611242236
RRT*,3,4,35,26,262,8,22.119756419426253
RRT*,3,4,35,39,255,-1,-1
RRT*,3,4,35,52,316,8,21.140228666622473
RRT*,3,4,35,65,262,-1,-1
RRT*,3,4,35,78,251,-1,-1
RRT*,3,4,35,91,271,9,21.852609765817796
RRT*,3,4,35,104,297,11,21.354700206722853
RRT*,3,4,35,117,309,7,23.523088789161367
RRT*,3,5,10,0,854,21,24.84086301364965
RRT*,3,5,10,13,862,20,23.95737175840679
RRT*,3,5,10,26,870,20,22.80430090330896
RRT*,3,5,10,39,854,21,25.73722804206719
RRT*,3,5,10,52,906,19,22.937544375008855
RRT*,3,5,10,65,851,18,23.86089989542516
RRT*,3,5,10,78,754,25,23.46715487035488
RRT*,3,5,10,91,867,18,22.110414763300238
RRT*,3,5,10,104,892,22,24.01110596749856
RRT*,3,5,10,117,879,13,24.111765047269106
RRT*,3,5,15,0,673,13,23.32358985547833
RRT*,3,5,15,13,688,13,23.162751965236914
RRT*,3,5,15,26,649,17,22.190646736747304
RRT*,3,5,15,39,624,19,24.537172970435034
RRT*,3,5,15,52,679,12,21.26684411523788
RRT*,3,5,15,65,618,15,23.262213595524802
RRT*,3,5,15,78,500,16,22.90082093604078
RRT*,3,5,15,91,659,15,21.134014170837492
RRT*,3,5,15,104,679,11,22.04469840310361
RRT*,3,5,15,117,671,17,22.777032913358042
RRT*,3,5,20,0,545,10,22.625896726082846
RRT*,3,5,20,13,549,10,23.11958160462569
RRT*,3,5,20,26,510,12,21.898392560244755
RRT*,3,5,20,39,484,13,22.57851452476478
RRT*,3,5,20,52,543,10,21.149100813356345
RRT*,3,5,20,65,476,11,22.902458452606012
RRT*,3,5,20,78,395,-1,-1
RRT*,3,5,20,91,519,10,21.65658364040275
RRT*,3,5,20,104,534,11,21.354700206722853
RRT*,3,5,20,117,536,10,23.199315862051918
RRT*,3,5,25,0,455,11,22.595854380080944
RRT*,3,5,25,13,459,8,23.11278611242236
RRT*,3,5,25,26,412,11,21.87497092447703
RRT*,3,5,25,39,382,14,22.38227592097385
RRT*,3,5,25,52,455,9,21.149066760735312
RRT*,3,5,25,65,373,9,23.115484263641136
RRT*,3,5,25,78,342,-1,-1
RRT*,3,5,25,91,431,10,21.650801599354555
RRT*,3,5,25,104,448,11,21.354700206722853
RRT*,3,5,25,117,454,9,22.861926051194864
RRT*,3,5,30,0,394,10,22.561556906229715
RRT*,3,5,30,13,399,8,23.073698889445357
RRT*,3,5,30,26,346,9,21.773848093972973
RRT*,3,5,30,39,329,11,22.290603080763816
RRT*,3,5,30,52,398,8,21.140228666622473
RRT*,3,5,30,65,320,9,23.115484263641136
RRT*,3,5,30,78,307,-1,-1
RRT*,3,5,30,91,365,9,21.614745249870094
RRT*,3,5,30,104,384,11,21.354700206722853
RRT*,3,5,30,117,391,7,23.290550034647104
RRT*,3,5,35,0,354,8,22.776981142707264
RRT*,3,5,35,13,354,8,23.073698889445357
RRT*,3,5,35,26,305,8,22.119756419426253
RRT*,3,5,35,39,291,11,22.562305481892302
RRT*,3,5,35,52,356,8,21.140228666622473
RRT*,3,5,35,65,289,-1,-1
RRT*,3,5,35,78,282,-1,-1
RRT*,3,5,35,91,321,9,21.714427086849764
RRT*,3,5,35,104,341,11,21.354700206722853
RRT*,3,5,35,117,346,7,23.523088789161367
RRT*,3,6,10,0,949,21,24.84086301364965
RRT*,3,6,10,13,955,21,23.512276209629423
RRT*,3,6,10,26,964,21,22.679446051182065
RRT*,3,6,10,39,947,21,25.73722804206719
RRT*,3,6,10,52,997,20,22.193557915801048
RRT*,3,6,10,65,943,18,23.86089989542516
RRT*,3,6,10,78,862,24,23.35374021000078
RRT*,3,6,10,91,966,18,22.110414763300238
RRT*,3,6,10,104,990,22,24.01110596749856
RRT*,3,6,10,117,969,13,24.111765047269106
RRT*,3,6,15,0,742,13,23.162815026022635
RRT*,3,6,15,13,753,13,23.162751965236914
RRT*,3,6,15,26,722,17,22.190646736747304
RRT*,3,6,15,39,701,18,23.705401559730507
RRT*,3,6,15,52,749,12,21.26684411523788
RRT*,3,6,15,65,692,15,23.262213595524802
RRT*,3,6,15,78,589,17,22.053730478717267
RRT*,3,6,15,91,730,15,21.134014170837492
RRT*,3,6,15,104,745,11,22.04469840310361
RRT*,3,6,15,117,738,17,22.777032913358042
RRT*,3,6,20,0,599,10,22.625896726082846
RRT*,3,6,20,13,608,10,22.423704522763575
RRT*,3,6,20,26,571,12,21.885363163377985
RRT*,3,6,20,39,541,14,22.38432502727796
RRT*,3,6,20,52,597,10,21.149100813356345
RRT*,3,6,20,65,536,11,22.902458452606012
RRT*,3,6,20,78,437,-1,-1
RRT*,3,6,20,91,577,10,21.03312261336448
RRT*,3,6,20,104,592,11,21.354700206722853
RRT*,3,6,20,117,593,12,22.432568049892232
RRT*,3,6,25,0,505,13,22.43872227632563
RRT*,3,6,25,13,506,8,23.11278611242236
RRT*,3,6,25,26,465,11,21.87497092447703
RRT*,3,6,25,39,437,14,22.224383844150463
RRT*,3,6,25,52,506,9,21.149066760735312
RRT*,3,6,25,65,434,9,22.823720097442468
RRT*,3,6,25,78,372,-1,-1
RRT*,3,6,25,91,479,10,21.650801599354555
RRT*,3,6,25,104,497,11,21.354700206722853
RRT*,3,6,25,117,498,9,22.861926051194864
RRT*,3,6,30,0,435,10,22.417720018820056
RRT*,3,6,30,13,436,8,23.073698889445357
RRT*,3,6,30,26,392,9,21.773848093972973
RRT*,3,6,30,39,372,11,22.290603080763816
RRT*,3,6,30,52,438,8,21.140228666622473
RRT*,3,6,30,65,361,9,23.115484263641136
RRT*,3,6,30,78,337,-1,-1
RRT*,3,6,30,91,411,9,21.614745249870094
RRT*,3,6,30,104,431,11,21.354700206722853
RRT*,3,6,30,117,433,7,23.290550034647104
RRT*,3,6,35,0,390,8,22.536240364364694
RRT*,3,6,35,13,392,8,23.073698889445357
RRT*,3,6,35,26,344,8,21.772013843639783
RRT*,3,6,35,39,329,11,22.290603080763816
RRT*,3,6,35,52,391,8,21.140228666622473
RRT*,3,6,35,65,320,8,22.82754980149074
RRT*,3,6,35,78,309,-1,-1
RRT*,3,6,35,91,365,9,21.614745249870094
RRT*,3,6,35,104,379,11,21.354700206722853
RRT*,3,6,35,117,384,7,23.290550034647104
RRT*,3,7,10,0,1031,21,24.84086301364965
RRT*,3,7,10,13,1031,21,23.512276209629423
RRT*,3,7,10,26,1042,21,22.679446051182065
RRT*,3,7,10,39,1030,21,25.73722804206719
RRT*,3,7,10,52,1075,20,22.193557915801048
RRT*,3,7,10,65,1021,18,23.86089989542516
RRT*,3,7,10,78,949,25,23.27804361977972
RRT*,3,7,10,91,1046,18,22.110414763300238
RRT*,3,7,10,104,1067,23,23.516882014734765
RRT*,3,7,10,117,1054,13,24.111765047269106
RRT*,3,7,15,0,803,13,23.162815026022635
RRT*,3,7,15,13,813,13,23.162751965236914
RRT*,3,7,15,26,787,17,22.190646736747304
RRT*,3,7,15,39,766,19,23.492320772600987
RRT*,3,7,15,52,815,14,20.80544091277485
RRT*,3,7,15,65,761,18,22.676254164136
RRT*,3,7,15,78,665,17,22.053730478717267
RRT*,3,7,15,91,796,15,21.134014170837492
RRT*,3,7,15,104,808,12,21.870308157564633
RRT*,3,7,15,117,794,17,22.777032913358042
RRT*,3,7,20,0,649,10,22.625896726082846
RRT*,3,7,20,13,658,10,22.423704522763575
RRT*,3,7,20,26,625,12,21.885363163377985
RRT*,3,7,20,39,597,14,22.38432502727796
RRT*,3,7,20,52,647,10,21.149100813356345
RRT*,3,7,20,65,589,11,22.902458452606012
RRT*,3,7,20,78,475,-1,-1
RRT*,3,7,20,91,629,10,21.03312261336448
RRT*,3,7,20,104,646,11,21.354700206722853
RRT*,3,7,20,117,646,12,22.432568049892232
RRT*,3,7,25,0,548,13,22.43872227632563
RRT*,3,7,25,13,546,9,22.842426555589064
RRT*,3,7,25,26,511,11,21.817780846641313
RRT*,3,7,25,39,489,14,22.13493182574674
RRT*,3,7,25,52,547,9,21.149066760735312
RRT*,3,7,25,65,485,9,22.823720097442468
RRT*,3,7,25,78,404,-1,-1
RRT*,3,7,25,91,524,10,21.027340572316284
RRT*,3,7,25,104,537,11,21.354700206722853
RRT*,3,7,25,117,534,9,22.861926051194864
RRT*,3,7,30,0,468,10,22.417720018820056
RRT*,3,7,30,13,475,8,23.073698889445357
RRT*,3,7,30,26,435,9,21.773848093972973
RRT*,3,7,30,39,411,11,22.13271100394043
RRT*,3,7,30,52,471,8,21.140228666622473
RRT*,3,7,30,65,400,10,22.77583697476057
RRT*,3,7,30,78,361,-1,-1
RRT*,3,7,30,91,451,9,21.614745249870094
RRT*,3,7,30,104,468,11,21.354700206722853
RRT*,3,7,30,117,469,7,23.290550034647104
RRT*,3,7,35,0,422,9,22.44156255737814
RRT*,3,7,35,13,419,8,23.073698889445357
RRT*,3,7,35,26,383,8,21.772013843639783
RRT*,3,7,35,39,365,11,22.290603080763816
RRT*,3,7,35,52,422,8,21.140228666622473
RRT*,3,7,35,65,353,8,22.82754980149074
RRT*,3,7,35,78,333,-1,-1
RRT*,3,7,35,91,401,9,21.614745249870094
RRT*,3,7,35,104,415,11,21.354700206722853
RRT*,3,7,35,117,416,7,23.290550034647104
